InfoSet,Action,Probability
6|None|0,1-1,0.03502746987331593
6|None|0,1-2,0.00521427319680653
6|None|0,1-3,0.0013464754793883428
6|None|0,1-4,0.002381114993015598
6|None|0,1-6,0.949398708012556
6|None|0,2-1,0.0022018516622478116
6|None|0,2-2,0.0013464754793883437
4|1-1|1,Challenge,0.013978758608728251
4|1-1|1,1-3,0.005291955795282743
4|1-1|1,1-4,0.9523545875283954
4|1-1|1,1-5,0.0025486638329462346
4|1-1|1,1-6,0.011493666065947468
4|1-1|1,2-1,0.005530331243946647
4|1-1|1,2-2,0.004337664279546484
4|1-1|1,2-3,0.0025486638329462346
6|1-2|2,Challenge,0.00124299119518915
6|1-2|2,1-3,0.00124299119518915
6|1-2|2,1-4,0.00124299119518915
6|1-2|2,1-5,0.00124299119518915
6|1-2|2,1-6,0.9875700880481084
6|1-2|2,2-1,0.00124299119518915
6|1-2|2,2-2,0.00124299119518915
6|1-2|2,2-3,0.00124299119518915
6|1-2|2,2-4,0.00124299119518915
6|1-2|2,2-5,0.00124299119518915
6|1-2|2,2-6,0.00124299119518915
4|1-3|3,Challenge,0.1
4|1-3|3,1-4,0.1
4|1-3|3,1-5,0.1
4|1-3|3,1-6,0.1
4|1-3|3,2-1,0.1
4|1-3|3,2-2,0.1
4|1-3|3,2-3,0.1
4|1-3|3,2-4,0.1
4|1-3|3,2-5,0.1
4|1-3|3,2-6,0.1
6|1-4|4,Challenge,0.11111111111111112
6|1-4|4,1-5,0.11111111111111112
6|1-4|4,1-6,0.11111111111111112
6|1-4|4,2-1,0.11111111111111112
6|1-4|4,2-2,0.11111111111111112
6|1-4|4,2-3,0.11111111111111112
6|1-4|4,2-4,0.11111111111111112
6|1-4|4,2-5,0.11111111111111112
6|1-4|4,2-6,0.11111111111111112
4|1-5|5,Challenge,0.125
4|1-5|5,1-6,0.125
4|1-5|5,2-1,0.125
4|1-5|5,2-2,0.125
4|1-5|5,2-3,0.125
4|1-5|5,2-4,0.125
4|1-5|5,2-5,0.125
4|1-5|5,2-6,0.125
6|1-6|6,Challenge,0.14285714285714285
6|1-6|6,2-1,0.14285714285714285
6|1-6|6,2-2,0.14285714285714285
6|1-6|6,2-3,0.14285714285714285
6|1-6|6,2-4,0.14285714285714285
6|1-6|6,2-5,0.14285714285714285
6|1-6|6,2-6,0.14285714285714285
4|2-1|7,Challenge,0.16666666666666669
4|2-1|7,2-2,0.16666666666666669
4|2-1|7,2-3,0.16666666666666669
4|2-1|7,2-4,0.16666666666666669
4|2-1|7,2-5,0.16666666666666669
4|2-1|7,2-6,0.16666666666666669
6|2-2|8,Challenge,0.2
6|2-2|8,2-3,0.2
6|2-2|8,2-4,0.2
6|2-2|8,2-5,0.2
6|2-2|8,2-6,0.2
4|2-3|9,Challenge,0.25
4|2-3|9,2-4,0.25
4|2-3|9,2-5,0.25
4|2-3|9,2-6,0.25
6|2-4|10,Challenge,0.3333333333333333
6|2-4|10,2-5,0.3333333333333333
6|2-4|10,2-6,0.3333333333333333
4|2-5|11,Challenge,0.5
4|2-5|11,2-6,0.5
6|2-6|12,Challenge,1.0
4|2-6|11,Challenge,1.0
6|2-5|10,Challenge,0.846153846153846
6|2-5|10,2-6,0.15384615384615385
6|2-6|10,Challenge,1.0
4|2-4|9,Challenge,0.7916666666666667
4|2-4|9,2-5,0.10416666666666667
4|2-4|9,2-6,0.10416666666666667
4|2-5|9,Challenge,0.9275362318840581
4|2-5|9,2-6,0.07246376811594203
4|2-6|9,Challenge,1.0
6|2-3|8,Challenge,0.7631578947368421
6|2-3|8,2-4,0.07894736842105263
6|2-3|8,2-5,0.07894736842105263
6|2-3|8,2-6,0.07894736842105263
6|2-4|8,Challenge,0.900990099009901
6|2-4|8,2-5,0.0495049504950495
6|2-4|8,2-6,0.0495049504950495
6|2-5|8,Challenge,0.95850622406639
6|2-5|8,2-6,0.04149377593360996
6|2-6|8,Challenge,1.0
4|2-2|7,Challenge,0.856
4|2-2|7,2-3,0.036000000000000004
4|2-2|7,2-4,0.036000000000000004
4|2-2|7,2-5,0.036000000000000004
4|2-2|7,2-6,0.036000000000000004
4|2-3|7,Challenge,0.9344660194174756
4|2-3|7,2-4,0.021844660194174758
4|2-3|7,2-5,0.021844660194174758
4|2-3|7,2-6,0.021844660194174758
4|2-4|7,Challenge,0.9647887323943661
4|2-4|7,2-5,0.017605633802816902
4|2-4|7,2-6,0.017605633802816902
4|2-5|7,Challenge,0.9824081313526192
4|2-5|7,2-6,0.017591868647380767
4|2-6|7,Challenge,1.0
6|2-1|6,Challenge,0.9337309476474486
6|2-1|6,2-2,0.013253810470510271
6|2-1|6,2-3,0.013253810470510271
6|2-1|6,2-4,0.013253810470510271
6|2-1|6,2-5,0.013253810470510271
6|2-1|6,2-6,0.013253810470510271
6|2-2|6,Challenge,0.9651524579962664
6|2-2|6,2-3,0.008711885500933419
6|2-2|6,2-4,0.008711885500933419
6|2-2|6,2-5,0.008711885500933419
6|2-2|6,2-6,0.008711885500933419
6|2-3|6,Challenge,0.9784725781650435
6|2-3|6,2-4,0.007175807278318811
6|2-3|6,2-5,0.007175807278318811
6|2-3|6,2-6,0.007175807278318811
6|2-4|6,Challenge,0.9862603660631043
6|2-4|6,2-5,0.006869816968447909
6|2-4|6,2-6,0.006869816968447909
6|2-5|6,Challenge,0.9922424779741785
6|2-5|6,2-6,0.007757522025821463
6|2-6|6,Challenge,1.0
4|1-6|5,Challenge,0.14285714285714285
4|1-6|5,2-1,0.14285714285714285
4|1-6|5,2-2,0.14285714285714285
4|1-6|5,2-3,0.14285714285714285
4|1-6|5,2-4,0.14285714285714285
4|1-6|5,2-5,0.14285714285714285
4|1-6|5,2-6,0.14285714285714285
4|2-1|5,Challenge,0.9969557301746191
4|2-2|5,Challenge,0.9979185311232693
4|2-3|5,Challenge,0.9984897796355108
4|2-4|5,Challenge,0.9989086935006315
4|2-5|5,Challenge,0.9993128667228531
4|2-6|5,Challenge,1.0
6|1-5|4,Challenge,0.37903225806451624
6|1-5|4,1-6,0.37903225806451607
6|1-5|4,2-1,0.040322580645161296
6|1-5|4,2-2,0.040322580645161296
6|1-5|4,2-3,0.040322580645161296
6|1-5|4,2-4,0.040322580645161296
6|1-5|4,2-5,0.040322580645161296
6|1-5|4,2-6,0.040322580645161296
6|1-6|4,Challenge,0.14285714285714285
6|1-6|4,2-1,0.14285714285714285
6|1-6|4,2-2,0.14285714285714285
6|1-6|4,2-3,0.14285714285714285
6|1-6|4,2-4,0.14285714285714285
6|1-6|4,2-5,0.14285714285714285
6|1-6|4,2-6,0.14285714285714285
6|2-1|4,Challenge,0.9997655064803904
6|2-2|4,Challenge,0.9997784384402502
6|2-3|4,Challenge,0.9997950203498247
6|2-4|4,Challenge,0.9998194928782709
6|2-5|4,Challenge,0.9998670785893508
6|2-6|4,Challenge,1.0
4|1-4|3,Challenge,0.008455614546741786
4|1-4|3,1-5,0.008455614546741786
4|1-4|3,1-6,0.9323550836260658
4|1-4|3,2-1,0.008455614546741786
4|1-4|3,2-2,0.008455614546741786
4|1-4|3,2-3,0.008455614546741786
4|1-4|3,2-4,0.008455614546741786
4|1-4|3,2-5,0.008455614546741786
4|1-4|3,2-6,0.008455614546741786
4|1-5|3,Challenge,0.9972599362814313
4|1-5|3,1-6,0.0026071463920358836
4|1-6|3,Challenge,0.9886802317839016
4|1-6|3,2-1,0.0018866280360164127
4|1-6|3,2-2,0.0018866280360164127
4|1-6|3,2-3,0.0018866280360164127
4|1-6|3,2-4,0.0018866280360164127
4|1-6|3,2-5,0.0018866280360164127
4|1-6|3,2-6,0.0018866280360164127
4|2-1|3,Challenge,0.9998622992275826
4|2-2|3,Challenge,0.9998682448655917
4|2-3|3,Challenge,0.9998768772018556
4|2-4|3,Challenge,0.9998908848579263
4|2-5|3,Challenge,0.999937000059454
4|2-6|3,Challenge,1.0
6|1-3|2,Challenge,0.06597699592891167
6|1-3|2,1-4,0.0011901253935014415
6|1-3|2,1-5,0.0011901253935014415
6|1-3|2,1-6,0.9245020009230769
6|1-3|2,2-1,0.0011901253935014415
6|1-3|2,2-2,0.0011901253935014415
6|1-3|2,2-3,0.0011901253935014415
6|1-3|2,2-4,0.0011901253935014415
6|1-3|2,2-5,0.0011901253935014415
6|1-3|2,2-6,0.0011901253935014415
6|1-4|2,Challenge,0.0012795482838619864
6|1-4|2,1-5,0.0012795482838619864
6|1-4|2,1-6,0.989763613729104
6|1-4|2,2-1,0.0012795482838619864
6|1-4|2,2-2,0.0012795482838619864
6|1-4|2,2-3,0.0012795482838619864
6|1-4|2,2-4,0.0012795482838619864
6|1-4|2,2-5,0.0012795482838619864
6|1-4|2,2-6,0.0012795482838619864
6|1-5|2,Challenge,0.04824733951074138
6|1-5|2,1-6,0.9435834349550247
6|1-5|2,2-1,0.001361537589038971
6|1-5|2,2-2,0.001361537589038971
6|1-5|2,2-3,0.001361537589038971
6|1-5|2,2-4,0.001361537589038971
6|1-5|2,2-5,0.001361537589038971
6|1-5|2,2-6,0.001361537589038971
6|1-6|2,Challenge,0.007637191180704319
6|1-6|2,2-1,0.0508154568447252
6|1-6|2,2-2,0.04046908090980607
6|1-6|2,2-3,0.024949517007427306
6|1-6|2,2-4,0.05525102369471914
6|1-6|2,2-5,0.0419430368093891
6|1-6|2,2-6,0.7789346935532289
6|2-1|2,Challenge,0.9995985622326867
6|2-2|2,Challenge,0.9996154713650666
6|2-3|2,Challenge,0.9996399909028154
6|2-4|2,Challenge,0.9996802557953638
6|2-5|2,Challenge,0.9997603068072868
6|2-6|2,Challenge,1.0
4|1-2|1,Challenge,0.16881457737633435
4|1-2|1,1-4,0.8006211593007816
4|1-2|1,1-6,0.026384535005224665
4|1-3|1,Challenge,0.030768465371416906
4|1-3|1,1-4,0.9431280382648825
4|1-3|1,1-5,0.016333381421171928
4|1-3|1,1-6,0.006321839080459772
4|1-4|1,1-6,0.12812482647565102
4|1-4|1,2-4,0.8674051862957411
4|1-5|1,Challenge,0.9920977011494253
4|1-5|1,1-6,0.0035919540229885057
4|1-6|1,Challenge,0.9901477832512314
4|1-6|1,2-1,0.0016420361247947454
4|1-6|1,2-2,0.0016420361247947454
4|1-6|1,2-3,0.0016420361247947454
4|1-6|1,2-4,0.0016420361247947454
4|1-6|1,2-5,0.0016420361247947454
4|1-6|1,2-6,0.0016420361247947454
4|2-1|1,Challenge,0.9952107279693486
4|2-2|1,Challenge,0.9954022988505746
4|2-2|1,2-3,0.0011494252873563218
4|2-2|1,2-4,0.0011494252873563218
4|2-2|1,2-5,0.0011494252873563218
4|2-2|1,2-6,0.0011494252873563218
4|2-3|1,Challenge,0.9956896551724138
4|2-3|1,2-4,0.0014367816091954023
4|2-3|1,2-5,0.0014367816091954023
4|2-3|1,2-6,0.0014367816091954023
4|2-4|1,Challenge,0.996168582375479
4|2-4|1,2-5,0.0019157088122605365
4|2-4|1,2-6,0.0019157088122605365
4|2-5|1,Challenge,0.9971264367816092
4|2-5|1,2-6,0.0028735632183908046
4|2-6|1,Challenge,1.0
3|None|0,1-1,0.15205693937891587
3|None|0,1-2,0.35762457231395645
3|None|0,1-3,0.46216580784775546
3|None|0,1-4,0.0014935687697390687
3|None|0,1-5,0.003355770772009694
3|None|0,1-6,0.005405033025074252
3|None|0,2-3,0.014504611849853105
3|None|0,2-4,0.0011882316538224236
3|1-1|1,Challenge,0.29335067347155447
3|1-1|1,1-2,0.012264587026077743
3|1-1|1,1-3,0.6693973370307357
3|1-1|1,1-4,0.006342000389672749
3|1-1|1,1-5,0.009243870549834294
3|1-1|1,2-3,0.006035567390720692
3|1-2|2,Challenge,0.018587549243723203
3|1-2|2,1-3,0.9786099718600361
3|1-3|3,Challenge,0.003838774121318764
3|1-3|3,1-4,0.003838774121318764
3|1-3|3,1-5,0.003838774121318764
3|1-3|3,1-6,0.003838774121318764
3|1-3|3,2-1,0.003838774121318764
3|1-3|3,2-2,0.003838774121318764
3|1-3|3,2-3,0.9654510329081311
3|1-3|3,2-4,0.003838774121318764
3|1-3|3,2-5,0.003838774121318764
3|1-3|3,2-6,0.003838774121318764
3|1-4|4,Challenge,0.9997171620491371
3|1-5|5,Challenge,0.125
3|1-5|5,1-6,0.125
3|1-5|5,2-1,0.125
3|1-5|5,2-2,0.125
3|1-5|5,2-3,0.125
3|1-5|5,2-4,0.125
3|1-5|5,2-5,0.125
3|1-5|5,2-6,0.125
3|1-6|6,Challenge,0.14285714285714285
3|1-6|6,2-1,0.14285714285714285
3|1-6|6,2-2,0.14285714285714285
3|1-6|6,2-3,0.14285714285714285
3|1-6|6,2-4,0.14285714285714285
3|1-6|6,2-5,0.14285714285714285
3|1-6|6,2-6,0.14285714285714285
3|2-1|7,Challenge,0.16666666666666669
3|2-1|7,2-2,0.16666666666666669
3|2-1|7,2-3,0.16666666666666669
3|2-1|7,2-4,0.16666666666666669
3|2-1|7,2-5,0.16666666666666669
3|2-1|7,2-6,0.16666666666666669
3|2-2|8,Challenge,0.2
3|2-2|8,2-3,0.2
3|2-2|8,2-4,0.2
3|2-2|8,2-5,0.2
3|2-2|8,2-6,0.2
3|2-3|9,Challenge,0.25
3|2-3|9,2-4,0.25
3|2-3|9,2-5,0.25
3|2-3|9,2-6,0.25
3|2-4|10,Challenge,0.3333333333333333
3|2-4|10,2-5,0.3333333333333333
3|2-4|10,2-6,0.3333333333333333
3|2-5|11,Challenge,0.5
3|2-5|11,2-6,0.5
3|2-6|12,Challenge,1.0
3|2-6|11,Challenge,1.0
3|2-5|10,Challenge,0.9160839160839161
3|2-5|10,2-6,0.08391608391608392
3|2-6|10,Challenge,1.0
3|2-4|9,Challenge,0.9307616221562809
3|2-4|9,2-5,0.03461918892185954
3|2-4|9,2-6,0.03461918892185954
3|2-5|9,Challenge,0.9770190413657255
3|2-5|9,2-6,0.022980958634274455
3|2-6|9,Challenge,1.0
3|2-3|8,Challenge,0.25
3|2-3|8,2-4,0.25
3|2-3|8,2-5,0.25
3|2-3|8,2-6,0.25
3|2-4|8,Challenge,0.9801266923363557
3|2-4|8,2-5,0.009936653831822134
3|2-4|8,2-6,0.009936653831822134
3|2-5|8,Challenge,0.9912501367166139
3|2-5|8,2-6,0.008749863283386198
3|2-6|8,Challenge,1.0
3|2-2|7,Challenge,0.40454545454545454
3|2-2|7,2-3,0.40454545454545454
3|2-2|7,2-4,0.06363636363636364
3|2-2|7,2-5,0.06363636363636364
3|2-2|7,2-6,0.06363636363636364
3|2-3|7,Challenge,0.25
3|2-3|7,2-4,0.25
3|2-3|7,2-5,0.25
3|2-3|7,2-6,0.25
3|2-4|7,Challenge,0.9919752378768772
3|2-4|7,2-5,0.004012381061561389
3|2-4|7,2-6,0.004012381061561389
3|2-5|7,Challenge,0.9959543288681111
3|2-5|7,2-6,0.004045671131888879
3|2-6|7,Challenge,1.0
3|2-1|6,Challenge,0.3933333333333333
3|2-1|6,2-2,0.05333333333333332
3|2-1|6,2-3,0.3933333333333333
3|2-1|6,2-4,0.05333333333333332
3|2-1|6,2-5,0.05333333333333332
3|2-1|6,2-6,0.05333333333333332
3|2-2|6,Challenge,0.4540983606557377
3|2-2|6,2-3,0.4540983606557377
3|2-2|6,2-4,0.030601092896174867
3|2-2|6,2-5,0.030601092896174867
3|2-2|6,2-6,0.030601092896174867
3|2-3|6,Challenge,0.25
3|2-3|6,2-4,0.25
3|2-3|6,2-5,0.25
3|2-3|6,2-6,0.25
3|2-4|6,Challenge,0.9971385701361966
3|2-4|6,2-5,0.0014307149319017067
3|2-4|6,2-6,0.0014307149319017067
3|2-5|6,Challenge,0.9999587957472235
3|2-6|6,Challenge,1.0
3|1-6|5,Challenge,0.9994007633803457
3|2-1|5,Challenge,0.9990666812011972
3|2-2|5,Challenge,0.9984947113926813
3|2-2|5,2-3,0.001353007303005533
3|2-3|5,Challenge,0.9967148463175122
3|2-3|5,2-4,0.0010950512274959154
3|2-3|5,2-5,0.0010950512274959154
3|2-3|5,2-6,0.0010950512274959154
3|2-4|5,Challenge,0.9998946601643551
3|2-5|5,Challenge,0.9999228250121034
3|2-6|5,Challenge,1.0
3|1-5|4,Challenge,0.5813395013179601
3|1-5|4,2-3,0.0025389390447861184
3|1-5|4,2-4,0.4159239397337098
3|1-6|4,Challenge,0.9988940886230485
3|2-1|4,Challenge,0.9981762163758421
3|2-1|4,2-3,0.0016174635346939677
3|2-2|4,Challenge,0.9972219104931223
3|2-2|4,2-3,0.002592760967967547
3|2-3|4,Challenge,0.9941096918229453
3|2-3|4,2-4,0.001963436059018259
3|2-3|4,2-5,0.001963436059018259
3|2-3|4,2-6,0.001963436059018259
3|2-4|4,Challenge,0.999952315574735
3|2-5|4,Challenge,0.9999646487307122
3|2-6|4,Challenge,1.0
3|1-4|3,Challenge,0.839423763657642
3|1-4|3,1-5,0.12351047913078952
3|1-4|3,1-6,0.024405669867715498
3|1-4|3,2-1,0.00433399757644364
3|1-4|3,2-2,0.0038584747509779354
3|1-4|3,2-3,0.002248308273271751
3|1-4|3,2-4,0.0019563834491151196
3|1-5|3,Challenge,0.8231075786387524
3|1-5|3,2-3,0.06446718949081318
3|1-5|3,2-5,0.1121866997148512
3|1-6|3,Challenge,0.9974067333515516
3|1-6|3,2-3,0.002323056995992081
3|2-1|3,Challenge,0.9966920633997098
3|2-1|3,2-3,0.0030846930025889233
3|2-2|3,Challenge,0.9954268712404676
3|2-2|3,2-3,0.00437341734995648
3|2-3|3,Challenge,0.9912851205197911
3|2-3|3,2-4,0.0030177611561212282
3|2-3|3,2-5,0.002848559162043831
3|2-3|3,2-6,0.002848559162043831
3|2-4|3,Challenge,0.9998718392040273
3|2-5|3,Challenge,0.9999042487654587
3|2-6|3,Challenge,1.0
3|1-3|2,1-4,0.0017545857148419074
3|1-3|2,1-5,0.005728921479756015
3|1-3|2,2-3,0.9796634340591445
3|1-3|2,2-4,0.012239930757835948
3|1-4|2,Challenge,0.997824328195498
3|1-4|2,2-3,0.0017588444032759021
3|1-5|2,Challenge,0.9974784257845197
3|1-5|2,2-3,0.002120250275747157
3|1-6|2,Challenge,0.9983298641148933
3|1-6|2,2-3,0.0012892358317847048
3|2-1|2,Challenge,0.9977163671492537
3|2-1|2,2-3,0.0019300826786891377
3|2-2|2,Challenge,0.9976423861798448
3|2-2|2,2-3,0.0020396268456808714
3|2-3|2,Challenge,0.9968218146245107
3|2-3|2,2-4,0.00105939512516312
3|2-3|2,2-5,0.00105939512516312
3|2-3|2,2-6,0.00105939512516312
3|2-4|2,Challenge,0.9996520017771251
3|2-5|2,Challenge,0.9997393117831075
3|2-6|2,Challenge,1.0
3|1-2|1,Challenge,0.4383278721269031
3|1-2|1,1-3,0.5342934157834743
3|1-2|1,1-4,0.0010336707092678836
3|1-2|1,2-2,0.01128932121509397
3|1-2|1,2-3,0.01056066768459504
3|1-2|1,2-5,0.0015638050604591712
3|1-3|1,1-4,0.010280951388755734
3|1-3|1,1-6,0.006584458590826924
3|1-3|1,2-1,0.0017313983489290145
3|1-3|1,2-2,0.006585802756982745
3|1-3|1,2-3,0.9695622548458122
3|1-3|1,2-4,0.0013272352255403103
3|1-3|1,2-5,0.0022329835889157925
3|1-4|1,Challenge,0.8313129663433213
3|1-4|1,1-6,0.15264767688086553
3|1-4|1,2-1,0.003950175576461262
3|1-4|1,2-2,0.0027304377417436887
3|1-4|1,2-3,0.006847757895775109
3|1-5|1,Challenge,0.991138144705668
3|1-5|1,2-3,0.004442318206670312
3|1-6|1,Challenge,0.9914375214761186
3|1-6|1,2-3,0.0044710282166231154
3|2-1|1,Challenge,0.9917608286252354
3|2-1|1,2-3,0.004472693032015066
3|2-2|1,Challenge,0.9921845574387947
3|2-2|1,2-3,0.004425612052730696
3|2-2|1,2-4,0.0011299435028248588
3|2-2|1,2-5,0.0011299435028248588
3|2-2|1,2-6,0.0011299435028248588
3|2-3|1,Challenge,0.9905838041431262
3|2-3|1,2-4,0.002824858757062147
3|2-3|1,2-5,0.0037664783427495295
3|2-3|1,2-6,0.002824858757062147
3|2-4|1,Challenge,0.9962335216572505
3|2-4|1,2-5,0.0018832391713747647
3|2-4|1,2-6,0.0018832391713747647
3|2-5|1,Challenge,0.9971751412429378
3|2-5|1,2-6,0.002824858757062147
3|2-6|1,Challenge,1.0
2|None|0,1-1,0.07961566691406394
2|None|0,1-2,0.639911670489146
2|None|0,1-3,0.007036115329371232
2|None|0,1-4,0.015602522301463875
2|None|0,1-5,0.0025231707803382974
2|None|0,2-2,0.2511220299227878
2|None|0,2-3,0.0011896442383793197
2|1-2|2,1-3,0.006811484014008678
2|1-2|2,1-6,0.0020475622831912766
2|1-2|2,2-2,0.9857954917501285
2|1-2|2,2-4,0.0012081920919620479
2|1-4|4,Challenge,0.9256438669085407
2|1-4|4,1-5,0.00929451663643241
2|1-4|4,1-6,0.00929451663643241
2|1-4|4,2-1,0.00929451663643241
2|1-4|4,2-2,0.00929451663643241
2|1-4|4,2-3,0.00929451663643241
2|1-4|4,2-4,0.00929451663643241
2|1-4|4,2-5,0.00929451663643241
2|1-4|4,2-6,0.00929451663643241
2|1-6|6,Challenge,0.14285714285714285
2|1-6|6,2-1,0.14285714285714285
2|1-6|6,2-2,0.14285714285714285
2|1-6|6,2-3,0.14285714285714285
2|1-6|6,2-4,0.14285714285714285
2|1-6|6,2-5,0.14285714285714285
2|1-6|6,2-6,0.14285714285714285
2|2-2|8,Challenge,0.2
2|2-2|8,2-3,0.2
2|2-2|8,2-4,0.2
2|2-2|8,2-5,0.2
2|2-2|8,2-6,0.2
2|2-4|10,Challenge,0.3333333333333333
2|2-4|10,2-5,0.3333333333333333
2|2-4|10,2-6,0.3333333333333333
2|2-6|12,Challenge,1.0
2|2-5|10,Challenge,0.5
2|2-5|10,2-6,0.5
2|2-6|10,Challenge,1.0
2|2-3|8,Challenge,0.25
2|2-3|8,2-4,0.25
2|2-3|8,2-5,0.25
2|2-3|8,2-6,0.25
2|2-4|8,Challenge,0.3333333333333333
2|2-4|8,2-5,0.3333333333333333
2|2-4|8,2-6,0.3333333333333333
2|2-5|8,Challenge,0.5
2|2-5|8,2-6,0.5
2|2-6|8,Challenge,1.0
2|2-1|6,Challenge,0.9769891446170129
2|2-1|6,2-2,0.004602171076597414
2|2-1|6,2-3,0.004602171076597414
2|2-1|6,2-4,0.004602171076597414
2|2-1|6,2-5,0.004602171076597414
2|2-1|6,2-6,0.004602171076597414
2|2-2|6,Challenge,0.9533827297005579
2|2-2|6,2-3,0.011654317574860538
2|2-2|6,2-4,0.011654317574860538
2|2-2|6,2-5,0.011654317574860538
2|2-2|6,2-6,0.011654317574860538
2|2-3|6,Challenge,0.9105678838280261
2|2-3|6,2-4,0.029810705390657957
2|2-3|6,2-5,0.029810705390657957
2|2-3|6,2-6,0.029810705390657957
2|2-4|6,Challenge,0.8372315682851519
2|2-4|6,2-5,0.081384215857424
2|2-4|6,2-6,0.081384215857424
2|2-5|6,Challenge,0.9913665410696368
2|2-5|6,2-6,0.008633458930363111
2|2-6|6,Challenge,1.0
2|1-5|4,Challenge,0.22968758015719712
2|1-5|4,1-6,0.30711871991661366
2|1-5|4,2-1,0.25643939623941847
2|1-5|4,2-2,0.18497656198309892
2|1-5|4,2-3,0.005444435425917939
2|1-5|4,2-4,0.005444435425917939
2|1-5|4,2-5,0.005444435425917939
2|1-5|4,2-6,0.005444435425917939
2|1-6|4,Challenge,0.9955496306069963
2|2-1|4,Challenge,0.9925042784574301
2|2-1|4,2-2,0.0014991443085139804
2|2-1|4,2-3,0.0014991443085139804
2|2-1|4,2-4,0.0014991443085139804
2|2-1|4,2-5,0.0014991443085139804
2|2-1|4,2-6,0.0014991443085139804
2|2-2|4,Challenge,0.17752619849850487
2|2-2|4,2-3,0.0026773199699950305
2|2-2|4,2-4,0.81444184159151
2|2-2|4,2-5,0.0026773199699950305
2|2-2|4,2-6,0.0026773199699950305
2|2-3|4,Challenge,0.998563907563218
2|2-4|4,Challenge,0.997582102943253
2|2-4|4,2-5,0.0012089485283735054
2|2-4|4,2-6,0.0012089485283735054
2|2-5|4,Challenge,0.9802036789779522
2|2-5|4,2-6,0.019796321022047824
2|2-6|4,Challenge,1.0
2|1-3|2,Challenge,0.876870239930954
2|1-3|2,1-4,0.003670522090715045
2|1-3|2,1-5,0.10803497227074796
2|1-3|2,1-6,0.004569270436497398
2|1-3|2,2-1,0.0034664713268854
2|1-3|2,2-2,0.0028884352325767673
2|1-4|2,Challenge,0.9993895132928629
2|1-5|2,Challenge,0.9994116858476475
2|1-6|2,Challenge,0.9994256449164295
2|2-1|2,Challenge,0.9994421436483716
2|2-2|2,Challenge,0.9917960841297313
2|2-2|2,2-3,0.0020509789675671594
2|2-2|2,2-4,0.0020509789675671594
2|2-2|2,2-5,0.0020509789675671594
2|2-2|2,2-6,0.0020509789675671594
2|2-3|2,Challenge,0.9996247220021547
2|2-4|2,Challenge,0.9996668170138563
2|2-5|2,Challenge,0.9977522477522478
2|2-5|2,2-6,0.0022477522477522475
2|2-6|2,Challenge,1.0
2|1-1|1,Challenge,0.46538362953835727
2|1-1|1,1-2,0.47090492930765365
2|1-1|1,1-3,0.026623529066076932
2|1-1|1,1-4,0.004120879120879122
2|1-1|1,1-5,0.004120879120879122
2|1-1|1,1-6,0.004120879120879122
2|1-1|1,2-1,0.004120879120879122
2|1-1|1,2-2,0.004120879120879122
2|1-1|1,2-3,0.004120879120879122
2|1-1|1,2-4,0.004120879120879122
2|1-1|1,2-5,0.004120879120879122
2|1-1|1,2-6,0.004120879120879122
2|1-3|3,Challenge,0.8632271897639524
2|1-3|3,1-5,0.045762859756480555
2|1-3|3,2-2,0.0848842652189423
2|1-5|5,Challenge,0.125
2|1-5|5,1-6,0.125
2|1-5|5,2-1,0.125
2|1-5|5,2-2,0.125
2|1-5|5,2-3,0.125
2|1-5|5,2-4,0.125
2|1-5|5,2-5,0.125
2|1-5|5,2-6,0.125
2|2-1|7,Challenge,0.16666666666666666
2|2-1|7,2-2,0.16666666666666666
2|2-1|7,2-3,0.16666666666666666
2|2-1|7,2-4,0.16666666666666666
2|2-1|7,2-5,0.16666666666666666
2|2-1|7,2-6,0.16666666666666666
2|2-3|9,Challenge,0.25
2|2-3|9,2-4,0.25
2|2-3|9,2-5,0.25
2|2-3|9,2-6,0.25
2|2-5|11,Challenge,0.5
2|2-5|11,2-6,0.5
2|2-6|11,Challenge,1.0
2|2-4|9,Challenge,0.3333333333333333
2|2-4|9,2-5,0.3333333333333333
2|2-4|9,2-6,0.3333333333333333
2|2-5|9,Challenge,0.5
2|2-5|9,2-6,0.5
2|2-6|9,Challenge,1.0
2|2-2|7,Challenge,0.2
2|2-2|7,2-3,0.2
2|2-2|7,2-4,0.2
2|2-2|7,2-5,0.2
2|2-2|7,2-6,0.2
2|2-3|7,Challenge,0.25
2|2-3|7,2-4,0.25
2|2-3|7,2-5,0.25
2|2-3|7,2-6,0.25
2|2-4|7,Challenge,0.33333333333333337
2|2-4|7,2-5,0.33333333333333337
2|2-4|7,2-6,0.33333333333333337
2|2-5|7,Challenge,0.5
2|2-5|7,2-6,0.5
2|2-6|7,Challenge,1.0
2|1-6|5,Challenge,0.4865161312211961
2|1-6|5,2-1,0.005393547511521566
2|1-6|5,2-2,0.4865161312211961
2|1-6|5,2-3,0.005393547511521566
2|1-6|5,2-4,0.005393547511521566
2|1-6|5,2-5,0.005393547511521566
2|1-6|5,2-6,0.005393547511521566
2|2-1|5,Challenge,0.8824043317307881
2|2-1|5,2-2,0.05713008822123397
2|2-1|5,2-3,0.015116395011994452
2|2-1|5,2-4,0.015116395011994452
2|2-1|5,2-5,0.015116395011994452
2|2-1|5,2-6,0.015116395011994452
2|2-2|5,Challenge,0.19999999999999998
2|2-2|5,2-3,0.19999999999999998
2|2-2|5,2-4,0.19999999999999998
2|2-2|5,2-5,0.19999999999999998
2|2-2|5,2-6,0.19999999999999998
2|2-3|5,Challenge,0.8992473520453709
2|2-3|5,2-4,0.03358421598487634
2|2-3|5,2-5,0.03358421598487634
2|2-3|5,2-6,0.03358421598487634
2|2-4|5,Challenge,0.6743651340268187
2|2-4|5,2-5,0.16281743298659065
2|2-4|5,2-6,0.16281743298659065
2|2-5|5,Challenge,0.7133604017253256
2|2-5|5,2-6,0.2866395982746745
2|2-6|5,Challenge,1.0
2|1-4|3,Challenge,0.6790553402907242
2|1-4|3,1-5,0.2077809633509468
2|1-4|3,1-6,0.014278930262957165
2|1-4|3,2-1,0.027490114780585908
2|1-4|3,2-2,0.014278930262957165
2|1-4|3,2-3,0.014278930262957165
2|1-4|3,2-4,0.014278930262957165
2|1-4|3,2-5,0.014278930262957165
2|1-4|3,2-6,0.014278930262957165
2|1-5|3,Challenge,0.9247339576782478
2|1-5|3,1-6,0.008546666676508791
2|1-5|3,2-1,0.008546666676508791
2|1-5|3,2-2,0.023986042262699448
2|1-5|3,2-3,0.008546666676508791
2|1-5|3,2-4,0.008546666676508791
2|1-5|3,2-5,0.008546666676508791
2|1-5|3,2-6,0.008546666676508791
2|1-6|3,Challenge,0.9772302491627943
2|1-6|3,2-1,0.0037949584728676202
2|1-6|3,2-2,0.0037949584728676202
2|1-6|3,2-3,0.0037949584728676202
2|1-6|3,2-4,0.0037949584728676202
2|1-6|3,2-5,0.0037949584728676202
2|1-6|3,2-6,0.0037949584728676202
2|2-1|3,Challenge,0.9939524222025867
2|2-1|3,2-2,0.0012095155594826572
2|2-1|3,2-3,0.0012095155594826572
2|2-1|3,2-4,0.0012095155594826572
2|2-1|3,2-5,0.0012095155594826572
2|2-1|3,2-6,0.0012095155594826572
2|2-2|3,Challenge,0.9936627864512358
2|2-2|3,2-3,0.0015843033871910342
2|2-2|3,2-4,0.0015843033871910342
2|2-2|3,2-5,0.0015843033871910342
2|2-2|3,2-6,0.0015843033871910342
2|2-3|3,Challenge,0.9974777831982421
2|2-4|3,Challenge,0.9975764810258066
2|2-4|3,2-5,0.0012117594870966497
2|2-4|3,2-6,0.0012117594870966497
2|2-5|3,Challenge,0.9957976925865235
2|2-5|3,2-6,0.004202307413476483
2|2-6|3,Challenge,1.0
2|1-2|1,1-3,0.02329601753768802
2|1-2|1,1-6,0.032762900612170194
2|1-2|1,2-2,0.9397027736958943
2|1-3|1,Challenge,0.9812826163168759
2|1-3|1,1-4,0.007935437943307
2|1-3|1,1-5,0.0014982490084885414
2|1-3|1,1-6,0.005775044134335004
2|1-4|1,Challenge,0.9913864722519643
2|1-4|1,1-6,0.004340023474531477
2|1-5|1,Challenge,0.992445054945055
2|1-5|1,1-6,0.003434065934065934
2|1-6|1,Challenge,0.9905808477237048
2|1-6|1,2-1,0.0015698587127158554
2|1-6|1,2-2,0.0015698587127158554
2|1-6|1,2-3,0.0015698587127158554
2|1-6|1,2-4,0.0015698587127158554
2|1-6|1,2-5,0.0015698587127158554
2|1-6|1,2-6,0.0015698587127158554
2|2-1|1,Challenge,0.9954212454212453
2|2-2|1,Challenge,0.9956043956043955
2|2-2|1,2-3,0.001098901098901099
2|2-2|1,2-4,0.001098901098901099
2|2-2|1,2-5,0.001098901098901099
2|2-2|1,2-6,0.001098901098901099
2|2-3|1,Challenge,0.9958791208791209
2|2-3|1,2-4,0.0013736263736263737
2|2-3|1,2-5,0.0013736263736263737
2|2-3|1,2-6,0.0013736263736263737
2|2-4|1,Challenge,0.9926739926739926
2|2-4|1,2-5,0.003663003663003663
2|2-4|1,2-6,0.003663003663003663
2|2-5|1,Challenge,0.9917582417582418
2|2-5|1,2-6,0.008241758241758242
2|2-6|1,Challenge,1.0
4|None|0,1-1,0.10586768613970775
4|None|0,1-2,0.05188617038716304
4|None|0,1-3,0.01243858287711796
4|None|0,1-4,0.8216791892976557
4|None|0,1-6,0.004676694769755864
4|1-2|2,1-4,0.9957657553935074
4|1-4|4,Challenge,0.11111111111111112
4|1-4|4,1-5,0.11111111111111112
4|1-4|4,1-6,0.11111111111111112
4|1-4|4,2-1,0.11111111111111112
4|1-4|4,2-2,0.11111111111111112
4|1-4|4,2-3,0.11111111111111112
4|1-4|4,2-4,0.11111111111111112
4|1-4|4,2-5,0.11111111111111112
4|1-4|4,2-6,0.11111111111111112
4|1-6|6,Challenge,0.14285714285714285
4|1-6|6,2-1,0.14285714285714285
4|1-6|6,2-2,0.14285714285714285
4|1-6|6,2-3,0.14285714285714285
4|1-6|6,2-4,0.14285714285714285
4|1-6|6,2-5,0.14285714285714285
4|1-6|6,2-6,0.14285714285714285
4|2-2|8,Challenge,0.2
4|2-2|8,2-3,0.2
4|2-2|8,2-4,0.2
4|2-2|8,2-5,0.2
4|2-2|8,2-6,0.2
4|2-4|10,Challenge,0.3333333333333333
4|2-4|10,2-5,0.3333333333333333
4|2-4|10,2-6,0.3333333333333333
4|2-6|12,Challenge,1.0
4|2-5|10,Challenge,0.5
4|2-5|10,2-6,0.5
4|2-6|10,Challenge,1.0
4|2-3|8,Challenge,0.25
4|2-3|8,2-4,0.25
4|2-3|8,2-5,0.25
4|2-3|8,2-6,0.25
4|2-4|8,Challenge,0.3333333333333333
4|2-4|8,2-5,0.3333333333333333
4|2-4|8,2-6,0.3333333333333333
4|2-5|8,Challenge,0.5
4|2-5|8,2-6,0.5
4|2-6|8,Challenge,1.0
4|2-1|6,Challenge,0.871314528100395
4|2-1|6,2-2,0.025737094379921
4|2-1|6,2-3,0.025737094379921
4|2-1|6,2-4,0.025737094379921
4|2-1|6,2-5,0.025737094379921
4|2-1|6,2-6,0.025737094379921
4|2-2|6,Challenge,0.8452813675280746
4|2-2|6,2-3,0.03867965811798132
4|2-2|6,2-4,0.03867965811798132
4|2-2|6,2-5,0.03867965811798132
4|2-2|6,2-6,0.03867965811798132
4|2-3|6,Challenge,0.771003029538926
4|2-3|6,2-4,0.07633232348702466
4|2-3|6,2-5,0.07633232348702466
4|2-3|6,2-6,0.07633232348702466
4|2-4|6,Challenge,0.7555901408972144
4|2-4|6,2-5,0.12220492955139282
4|2-4|6,2-6,0.12220492955139282
4|2-5|6,Challenge,0.9643496000056639
4|2-5|6,2-6,0.03565039999433602
4|2-6|6,Challenge,1.0
4|1-5|4,Challenge,0.8737718456821641
4|1-5|4,1-6,0.002154620239624125
4|1-5|4,2-4,0.10181622583400725
4|1-5|4,2-5,0.021054640753053327
4|1-6|4,Challenge,0.9877592388959212
4|1-6|4,2-1,0.0033833968983739433
4|1-6|4,2-2,0.001888353100244687
4|1-6|4,2-3,0.0038065630236675486
4|1-6|4,2-4,0.0014394564792893686
4|1-6|4,2-5,0.0012404324916695144
4|2-1|4,Challenge,0.9963471862621573
4|2-2|4,Challenge,0.9954338756986971
4|2-2|4,2-3,0.0011415310753257195
4|2-2|4,2-4,0.0011415310753257195
4|2-2|4,2-5,0.0011415310753257195
4|2-2|4,2-6,0.0011415310753257195
4|2-3|4,Challenge,0.9991632357056218
4|2-4|4,Challenge,0.9917911891128325
4|2-4|4,2-5,0.0041044054435837645
4|2-4|4,2-6,0.0041044054435837645
4|2-5|4,Challenge,0.9946756709256036
4|2-5|4,2-6,0.005324329074396377
4|2-6|4,Challenge,1.0
4|1-3|2,1-4,0.9971868390921211
4|1-4|2,1-5,0.00454947444972624
4|1-4|2,1-6,0.07288502678389996
4|1-4|2,2-1,0.004672401413113186
4|1-4|2,2-2,0.003634284925846565
4|1-4|2,2-3,0.0020771101949466292
4|1-4|2,2-4,0.9092844134417926
4|1-5|2,Challenge,0.999565004630045
4|1-6|2,Challenge,0.9832560667901566
4|1-6|2,2-1,0.0034222668106010487
4|1-6|2,2-2,0.0032377052097793163
4|1-6|2,2-3,0.0029778910643634368
4|1-6|2,2-4,0.0025870938272847394
4|1-6|2,2-5,0.004447991934570789
4|2-1|2,Challenge,0.9970508039101228
4|2-2|2,Challenge,0.9992090954028671
4|2-3|2,Challenge,0.9996294466403162
4|2-4|2,Challenge,0.997037037037037
4|2-4|2,2-5,0.0014814814814814823
4|2-4|2,2-6,0.0014814814814814823
4|2-5|2,Challenge,0.9995064165844028
4|2-6|2,Challenge,1.0
6|1-1|1,Challenge,0.0015625
6|1-1|1,1-2,0.002900602990846638
6|1-1|1,1-3,0.002982238904967125
6|1-1|1,1-4,0.0027862246743834834
6|1-1|1,1-5,0.0025412068861539313
6|1-1|1,1-6,0.9734963669802198
6|1-1|1,2-1,0.003276260250842588
6|1-1|1,2-2,0.002982238904967126
6|1-1|1,2-3,0.0025412068861539313
6|1-1|1,2-4,0.0018061535214652744
6|1-1|1,2-5,0.0015625
6|1-1|1,2-6,0.0015625
6|1-3|3,Challenge,0.2013297596572098
6|1-3|3,1-4,0.053868109663085334
6|1-3|3,1-5,0.07918043371617133
6|1-3|3,1-6,0.20132975965720976
6|1-3|3,2-1,0.11989687569651747
6|1-3|3,2-2,0.10361029890437905
6|1-3|3,2-3,0.07918043371617133
6|1-3|3,2-4,0.053868109663085334
6|1-3|3,2-5,0.053868109663085334
6|1-3|3,2-6,0.053868109663085334
6|1-5|5,Challenge,0.125
6|1-5|5,1-6,0.125
6|1-5|5,2-1,0.125
6|1-5|5,2-2,0.125
6|1-5|5,2-3,0.125
6|1-5|5,2-4,0.125
6|1-5|5,2-5,0.125
6|1-5|5,2-6,0.125
6|2-1|7,Challenge,0.16666666666666666
6|2-1|7,2-2,0.16666666666666666
6|2-1|7,2-3,0.16666666666666666
6|2-1|7,2-4,0.16666666666666666
6|2-1|7,2-5,0.16666666666666666
6|2-1|7,2-6,0.16666666666666666
6|2-3|9,Challenge,0.25
6|2-3|9,2-4,0.25
6|2-3|9,2-5,0.25
6|2-3|9,2-6,0.25
6|2-5|11,Challenge,0.5
6|2-5|11,2-6,0.5
6|2-6|11,Challenge,1.0
6|2-4|9,Challenge,0.3994122848078223
6|2-4|9,2-5,0.3002938575960888
6|2-4|9,2-6,0.3002938575960888
6|2-5|9,Challenge,0.5281978532473014
6|2-5|9,2-6,0.47180214675269866
6|2-6|9,Challenge,1.0
6|2-2|7,Challenge,0.4129825350759828
6|2-2|7,2-3,0.1467543662310043
6|2-2|7,2-4,0.1467543662310043
6|2-2|7,2-5,0.1467543662310043
6|2-2|7,2-6,0.1467543662310043
6|2-3|7,Challenge,0.39140395492578733
6|2-3|7,2-4,0.20286534835807088
6|2-3|7,2-5,0.20286534835807088
6|2-3|7,2-6,0.20286534835807088
6|2-4|7,Challenge,0.41009481116491964
6|2-4|7,2-5,0.2949525944175401
6|2-4|7,2-6,0.2949525944175401
6|2-5|7,Challenge,0.530273588745938
6|2-5|7,2-6,0.46972641125406206
6|2-6|7,Challenge,1.0
6|1-6|5,Challenge,0.14285714285714285
6|1-6|5,2-1,0.14285714285714285
6|1-6|5,2-2,0.14285714285714285
6|1-6|5,2-3,0.14285714285714285
6|1-6|5,2-4,0.14285714285714285
6|1-6|5,2-5,0.14285714285714285
6|1-6|5,2-6,0.14285714285714285
6|2-1|5,Challenge,0.9381457120774421
6|2-1|5,2-2,0.012370857584511582
6|2-1|5,2-3,0.012370857584511582
6|2-1|5,2-4,0.012370857584511582
6|2-1|5,2-5,0.012370857584511582
6|2-1|5,2-6,0.012370857584511582
6|2-2|5,Challenge,0.9136653385180559
6|2-2|5,2-3,0.021583665370486057
6|2-2|5,2-4,0.021583665370486057
6|2-2|5,2-5,0.021583665370486057
6|2-2|5,2-6,0.021583665370486057
6|2-3|5,Challenge,0.8568514775186437
6|2-3|5,2-4,0.04771617416045211
6|2-3|5,2-5,0.04771617416045211
6|2-3|5,2-6,0.04771617416045211
6|2-4|5,Challenge,0.8317778032847362
6|2-4|5,2-5,0.08411109835763192
6|2-4|5,2-6,0.08411109835763192
6|2-5|5,Challenge,0.7103490054171322
6|2-5|5,2-6,0.2896509945828679
6|2-6|5,Challenge,1.0
6|1-4|3,Challenge,0.027097864422795142
6|1-4|3,1-5,0.027097864422795142
6|1-4|3,1-6,0.783217084617639
6|1-4|3,2-1,0.027097864422795142
6|1-4|3,2-2,0.027097864422795142
6|1-4|3,2-3,0.027097864422795142
6|1-4|3,2-4,0.027097864422795142
6|1-4|3,2-5,0.027097864422795142
6|1-4|3,2-6,0.027097864422795142
6|1-5|3,Challenge,0.5423806265229432
6|1-5|3,1-6,0.2815702451007651
6|1-5|3,2-1,0.029341521396048616
6|1-5|3,2-2,0.029341521396048616
6|1-5|3,2-3,0.029341521396048616
6|1-5|3,2-4,0.029341521396048616
6|1-5|3,2-5,0.029341521396048616
6|1-5|3,2-6,0.029341521396048616
6|1-6|3,Challenge,0.14285714285714285
6|1-6|3,2-1,0.14285714285714285
6|1-6|3,2-2,0.14285714285714285
6|1-6|3,2-3,0.14285714285714285
6|1-6|3,2-4,0.14285714285714285
6|1-6|3,2-5,0.14285714285714285
6|1-6|3,2-6,0.14285714285714285
6|2-1|3,Challenge,0.9993617272849794
6|2-2|3,Challenge,0.9993040295866523
6|2-3|3,Challenge,0.9992702524815967
6|2-4|3,Challenge,0.9992835892375302
6|2-5|3,Challenge,0.9992979538680075
6|2-6|3,Challenge,1.0
6|1-2|1,Challenge,0.03544166978448441
6|1-2|1,1-6,0.9583876394161701
6|1-2|1,2-1,0.0014752949958431341
6|1-3|1,Challenge,0.017518807158198015
6|1-3|1,1-4,0.0015422584637045547
6|1-3|1,1-6,0.9765639343780974
6|1-4|1,1-6,0.9944444444444445
6|1-5|1,Challenge,0.02109375
6|1-5|1,1-6,0.96484375
6|1-5|1,2-1,0.00234375
6|1-5|1,2-2,0.00234375
6|1-5|1,2-3,0.00234375
6|1-5|1,2-4,0.00234375
6|1-5|1,2-5,0.00234375
6|1-5|1,2-6,0.00234375
6|1-6|1,Challenge,0.006249999999999999
6|1-6|1,2-1,0.006249999999999999
6|1-6|1,2-2,0.006249999999999999
6|1-6|1,2-3,0.006249999999999999
6|1-6|1,2-4,0.006249999999999999
6|1-6|1,2-5,0.006249999999999999
6|1-6|1,2-6,0.9625
6|2-1|1,Challenge,0.984375
6|2-1|1,2-2,0.003125
6|2-1|1,2-3,0.003125
6|2-1|1,2-4,0.003125
6|2-1|1,2-5,0.003125
6|2-1|1,2-6,0.003125
6|2-2|1,Challenge,0.985
6|2-2|1,2-3,0.0037500000000000007
6|2-2|1,2-4,0.0037500000000000007
6|2-2|1,2-5,0.0037500000000000007
6|2-2|1,2-6,0.0037500000000000007
6|2-3|1,Challenge,0.990625
6|2-3|1,2-4,0.003125
6|2-3|1,2-5,0.003125
6|2-3|1,2-6,0.003125
6|2-4|1,Challenge,0.9875
6|2-4|1,2-5,0.00625
6|2-4|1,2-6,0.00625
6|2-5|1,Challenge,0.990625
6|2-5|1,2-6,0.009375
6|2-6|1,Challenge,1.0
5|1-1|1,Challenge,0.04014227642276421
5|1-1|1,1-2,0.036077182142073526
5|1-1|1,1-3,0.04014227642276421
5|1-1|1,1-4,0.00355691056910569
5|1-1|1,1-5,0.8551829804595524
5|1-1|1,1-6,0.00355691056910569
5|1-1|1,2-1,0.00355691056910569
5|1-1|1,2-2,0.00355691056910569
5|1-1|1,2-3,0.00355691056910569
5|1-1|1,2-4,0.00355691056910569
5|1-1|1,2-5,0.00355691056910569
5|1-1|1,2-6,0.00355691056910569
5|1-3|3,Challenge,0.00985916958563565
5|1-3|3,1-4,0.00985916958563565
5|1-3|3,1-5,0.9112674737292791
5|1-3|3,1-6,0.00985916958563565
5|1-3|3,2-1,0.00985916958563565
5|1-3|3,2-2,0.00985916958563565
5|1-3|3,2-3,0.00985916958563565
5|1-3|3,2-4,0.00985916958563565
5|1-3|3,2-5,0.00985916958563565
5|1-3|3,2-6,0.00985916958563565
5|1-5|5,Challenge,0.125
5|1-5|5,1-6,0.125
5|1-5|5,2-1,0.125
5|1-5|5,2-2,0.125
5|1-5|5,2-3,0.125
5|1-5|5,2-4,0.125
5|1-5|5,2-5,0.125
5|1-5|5,2-6,0.125
5|2-1|7,Challenge,0.16666666666666666
5|2-1|7,2-2,0.16666666666666666
5|2-1|7,2-3,0.16666666666666666
5|2-1|7,2-4,0.16666666666666666
5|2-1|7,2-5,0.16666666666666666
5|2-1|7,2-6,0.16666666666666666
5|2-3|9,Challenge,0.25
5|2-3|9,2-4,0.25
5|2-3|9,2-5,0.25
5|2-3|9,2-6,0.25
5|2-5|11,Challenge,0.5
5|2-5|11,2-6,0.5
5|2-6|11,Challenge,1.0
5|2-4|9,Challenge,0.3333333333333333
5|2-4|9,2-5,0.3333333333333333
5|2-4|9,2-6,0.3333333333333333
5|2-5|9,Challenge,0.5
5|2-5|9,2-6,0.5
5|2-6|9,Challenge,1.0
5|2-2|7,Challenge,0.2
5|2-2|7,2-3,0.2
5|2-2|7,2-4,0.2
5|2-2|7,2-5,0.2
5|2-2|7,2-6,0.2
5|2-3|7,Challenge,0.25
5|2-3|7,2-4,0.25
5|2-3|7,2-5,0.25
5|2-3|7,2-6,0.25
5|2-4|7,Challenge,0.3333333333333333
5|2-4|7,2-5,0.3333333333333333
5|2-4|7,2-6,0.3333333333333333
5|2-5|7,Challenge,0.5
5|2-5|7,2-6,0.5
5|2-6|7,Challenge,1.0
5|1-6|5,Challenge,0.9574835795099345
5|1-6|5,2-1,0.007086070081677582
5|1-6|5,2-2,0.007086070081677582
5|1-6|5,2-3,0.007086070081677582
5|1-6|5,2-4,0.007086070081677582
5|1-6|5,2-5,0.007086070081677582
5|1-6|5,2-6,0.007086070081677582
5|2-1|5,Challenge,0.9311087363303726
5|2-1|5,2-2,0.013778252733925498
5|2-1|5,2-3,0.013778252733925498
5|2-1|5,2-4,0.013778252733925498
5|2-1|5,2-5,0.013778252733925498
5|2-1|5,2-6,0.013778252733925498
5|2-2|5,Challenge,0.8886643957921023
5|2-2|5,2-3,0.027833901051974422
5|2-2|5,2-4,0.027833901051974422
5|2-2|5,2-5,0.027833901051974422
5|2-2|5,2-6,0.027833901051974422
5|2-3|5,Challenge,0.8703844669374747
5|2-3|5,2-4,0.04320517768750843
5|2-3|5,2-5,0.04320517768750843
5|2-3|5,2-6,0.04320517768750843
5|2-4|5,Challenge,0.3333333333333333
5|2-4|5,2-5,0.3333333333333333
5|2-4|5,2-6,0.3333333333333333
5|2-5|5,Challenge,0.5
5|2-5|5,2-6,0.5
5|2-6|5,Challenge,1.0
5|1-4|3,Challenge,0.9561733773227296
5|1-4|3,1-5,0.013138165220784676
5|1-4|3,1-6,0.004384065350926529
5|1-4|3,2-1,0.004384065350926529
5|1-4|3,2-2,0.004384065350926529
5|1-4|3,2-3,0.004384065350926529
5|1-4|3,2-4,0.004384065350926529
5|1-4|3,2-5,0.004384065350926529
5|1-4|3,2-6,0.004384065350926529
5|1-5|3,Challenge,0.006204738547475435
5|1-5|3,1-6,0.006204738547475435
5|1-5|3,2-1,0.006204738547475435
5|1-5|3,2-2,0.006204738547475435
5|1-5|3,2-3,0.006204738547475435
5|1-5|3,2-4,0.006204738547475435
5|1-5|3,2-5,0.956566830167672
5|1-5|3,2-6,0.006204738547475435
5|1-6|3,Challenge,0.9968728403952111
5|1-6|3,2-5,0.0016683853111602552
5|2-1|3,Challenge,0.9989662185284304
5|2-2|3,Challenge,0.9989043063746835
5|2-3|3,Challenge,0.9988767529528623
5|2-4|3,Challenge,0.9977660512037877
5|2-4|3,2-5,0.0011169743981061992
5|2-4|3,2-6,0.0011169743981061992
5|2-5|3,Challenge,0.999125749987102
5|2-6|3,Challenge,1.0
5|1-2|1,Challenge,0.027083361797605766
5|1-2|1,1-3,0.015098731401337299
5|1-2|1,1-5,0.9514070974470987
5|1-2|1,1-6,0.0025305432785702295
5|1-3|1,Challenge,0.011565582585480539
5|1-3|1,1-5,0.9749435903280451
5|1-3|1,1-6,0.0036585365853658534
5|1-3|1,2-5,0.006173753915742642
5|1-4|1,Challenge,0.035081436898989356
5|1-4|1,1-5,0.9432224818382572
5|1-4|1,1-6,0.003323615662986164
5|1-4|1,2-5,0.014984931724428602
5|1-5|1,Challenge,0.001524390243902439
5|1-5|1,1-6,0.001524390243902439
5|1-5|1,2-1,0.001524390243902439
5|1-5|1,2-2,0.001524390243902439
5|1-5|1,2-3,0.001524390243902439
5|1-5|1,2-4,0.001524390243902439
5|1-5|1,2-5,0.989329268292683
5|1-5|1,2-6,0.001524390243902439
5|1-6|1,Challenge,0.9843205574912891
5|1-6|1,2-1,0.0026132404181184662
5|1-6|1,2-2,0.0026132404181184662
5|1-6|1,2-3,0.0026132404181184662
5|1-6|1,2-4,0.0026132404181184662
5|1-6|1,2-5,0.0026132404181184662
5|1-6|1,2-6,0.0026132404181184662
5|2-1|1,Challenge,0.9949186991869918
5|2-1|1,2-2,0.0010162601626016257
5|2-1|1,2-3,0.0010162601626016257
5|2-1|1,2-4,0.0010162601626016257
5|2-1|1,2-5,0.0010162601626016257
5|2-1|1,2-6,0.0010162601626016257
5|2-2|1,Challenge,0.9951219512195121
5|2-2|1,2-3,0.0012195121951219512
5|2-2|1,2-4,0.0012195121951219512
5|2-2|1,2-5,0.0012195121951219512
5|2-2|1,2-6,0.0012195121951219512
5|2-3|1,Challenge,0.9862804878048781
5|2-3|1,2-4,0.004573170731707317
5|2-3|1,2-5,0.004573170731707317
5|2-3|1,2-6,0.004573170731707317
5|2-4|1,Challenge,0.3333333333333333
5|2-4|1,2-5,0.3333333333333333
5|2-4|1,2-6,0.3333333333333333
5|2-5|1,Challenge,0.5
5|2-5|1,2-6,0.5
5|2-6|1,Challenge,1.0
1|None|0,1-1,0.636019682342726
1|None|0,1-2,0.17694510817931794
1|None|0,1-3,0.0018218682499300698
1|None|0,1-4,0.11898485819845758
1|None|0,1-5,0.0029884484466959228
1|None|0,1-6,0.05590920296651477
1|None|0,2-1,0.002110960513190928
1|None|0,2-2,0.001917713111752045
1|None|0,2-4,0.0014142959010583166
1|1-2|2,Challenge,0.5513065177017517
1|1-2|2,1-3,0.2326035488633403
1|1-2|2,1-4,0.2084379957152113
1|1-2|2,1-6,0.007029906500439123
1|1-4|4,Challenge,0.7427951429746878
1|1-4|4,1-5,0.0011714888936945546
1|1-4|4,1-6,0.002402317845046037
1|1-4|4,2-1,0.2534101140128585
1|1-6|6,Challenge,0.03574864321900969
1|1-6|6,2-1,0.2598845937546752
1|1-6|6,2-2,0.3934253671501621
1|1-6|6,2-3,0.2610748484716749
1|1-6|6,2-4,0.040490650674196334
1|1-6|6,2-5,0.004899498107723484
1|1-6|6,2-6,0.004476398622558353
1|2-2|8,Challenge,0.9862203494008299
1|2-2|8,2-3,0.0034449126497925198
1|2-2|8,2-4,0.0034449126497925198
1|2-2|8,2-5,0.0034449126497925198
1|2-2|8,2-6,0.0034449126497925198
1|2-4|10,Challenge,0.3333333333333333
1|2-4|10,2-5,0.3333333333333333
1|2-4|10,2-6,0.3333333333333333
1|2-6|12,Challenge,1.0
1|2-5|10,Challenge,0.846153846153846
1|2-5|10,2-6,0.15384615384615385
1|2-6|10,Challenge,1.0
1|2-3|8,Challenge,0.9949018471459447
1|2-3|8,2-4,0.0016993842846850726
1|2-3|8,2-5,0.0016993842846850726
1|2-3|8,2-6,0.0016993842846850726
1|2-4|8,Challenge,0.9967948917054813
1|2-4|8,2-5,0.0016025541472593512
1|2-4|8,2-6,0.0016025541472593512
1|2-5|8,Challenge,0.997741269891292
1|2-5|8,2-6,0.0022587301087080586
1|2-6|8,Challenge,1.0
1|2-1|6,Challenge,0.99293851497993
1|2-1|6,2-2,0.0014122970040139936
1|2-1|6,2-3,0.0014122970040139936
1|2-1|6,2-4,0.0014122970040139936
1|2-1|6,2-5,0.0014122970040139936
1|2-1|6,2-6,0.0014122970040139936
1|2-2|6,Challenge,0.9998862137847597
1|2-3|6,Challenge,0.9998935054022858
1|2-4|6,Challenge,0.9999721118530073
1|2-5|6,Challenge,0.9999790978205754
1|2-6|6,Challenge,1.0
1|1-5|4,Challenge,0.9994695586712485
1|1-6|4,Challenge,0.9990417791825098
1|2-1|4,Challenge,0.756127374021655
1|2-1|4,2-3,0.24378581913316008
1|2-2|4,Challenge,0.9998960017924007
1|2-3|4,Challenge,0.9999026836977276
1|2-4|4,Challenge,0.9999136824048394
1|2-5|4,Challenge,0.9999354234887121
1|2-6|4,Challenge,1.0
1|1-3|2,Challenge,0.997710831915812
1|1-3|2,1-6,0.0017601076231494367
1|1-4|2,Challenge,0.8943168332635463
1|1-4|2,1-6,0.10516995252132441
1|1-5|2,Challenge,0.9963691937832024
1|1-5|2,1-6,0.0031989813012552742
1|1-6|2,Challenge,0.9975403010904594
1|2-1|2,Challenge,0.9995486626480353
1|2-2|2,Challenge,0.9995676355866108
1|2-3|2,Challenge,0.9995954382667881
1|2-4|2,Challenge,0.9996405834453908
1|2-5|2,Challenge,0.9997308193405212
1|2-6|2,Challenge,1.0
1|1-1|1,Challenge,0.005827505827505826
1|1-1|1,1-2,0.07250738137423914
1|1-1|1,1-3,0.005827505827505826
1|1-1|1,1-4,0.021373602371624553
1|1-1|1,1-5,0.005827505827505826
1|1-1|1,1-6,0.052425770315312294
1|1-1|1,2-1,0.8070731993187774
1|1-1|1,2-2,0.005827505827505826
1|1-1|1,2-3,0.005827505827505826
1|1-1|1,2-4,0.005827505827505826
1|1-1|1,2-5,0.005827505827505826
1|1-1|1,2-6,0.005827505827505826
1|1-3|3,Challenge,0.4643203832941659
1|1-3|3,1-4,0.015099387835402687
1|1-3|3,1-5,0.00803712079660935
1|1-3|3,1-6,0.00803712079660935
1|1-3|3,2-1,0.4643203832941659
1|1-3|3,2-2,0.00803712079660935
1|1-3|3,2-3,0.00803712079660935
1|1-3|3,2-4,0.00803712079660935
1|1-3|3,2-5,0.00803712079660935
1|1-3|3,2-6,0.00803712079660935
1|1-5|5,Challenge,0.300394537077726
1|1-5|5,1-6,0.06653515430742465
1|1-5|5,2-1,0.300394537077726
1|1-5|5,2-2,0.06653515430742465
1|1-5|5,2-3,0.06653515430742465
1|1-5|5,2-4,0.06653515430742465
1|1-5|5,2-5,0.06653515430742465
1|1-5|5,2-6,0.06653515430742465
1|2-1|7,Challenge,0.16666666666666666
1|2-1|7,2-2,0.16666666666666666
1|2-1|7,2-3,0.16666666666666666
1|2-1|7,2-4,0.16666666666666666
1|2-1|7,2-5,0.16666666666666666
1|2-1|7,2-6,0.16666666666666666
1|2-3|9,Challenge,0.25
1|2-3|9,2-4,0.25
1|2-3|9,2-5,0.25
1|2-3|9,2-6,0.25
1|2-5|11,Challenge,0.5
1|2-5|11,2-6,0.5
1|2-6|11,Challenge,1.0
1|2-4|9,Challenge,0.33333333333333337
1|2-4|9,2-5,0.33333333333333337
1|2-4|9,2-6,0.33333333333333337
1|2-5|9,Challenge,0.5
1|2-5|9,2-6,0.5
1|2-6|9,Challenge,1.0
1|2-2|7,Challenge,0.5027540320748028
1|2-2|7,2-3,0.12431149198129929
1|2-2|7,2-4,0.12431149198129929
1|2-2|7,2-5,0.12431149198129929
1|2-2|7,2-6,0.12431149198129929
1|2-3|7,Challenge,0.3582455041754331
1|2-3|7,2-4,0.21391816527485566
1|2-3|7,2-5,0.21391816527485566
1|2-3|7,2-6,0.21391816527485566
1|2-4|7,Challenge,0.3685833025467597
1|2-4|7,2-5,0.3157083487266202
1|2-4|7,2-6,0.3157083487266202
1|2-5|7,Challenge,0.5
1|2-5|7,2-6,0.5
1|2-6|7,Challenge,1.0
1|1-6|5,Challenge,0.9656699386985975
1|1-6|5,2-1,0.005721676883567078
1|1-6|5,2-2,0.005721676883567078
1|1-6|5,2-3,0.005721676883567078
1|1-6|5,2-4,0.005721676883567078
1|1-6|5,2-5,0.005721676883567078
1|1-6|5,2-6,0.005721676883567078
1|2-1|5,Challenge,0.9252486326230973
1|2-1|5,2-2,0.014950273475380518
1|2-1|5,2-3,0.014950273475380518
1|2-1|5,2-4,0.014950273475380518
1|2-1|5,2-5,0.014950273475380518
1|2-1|5,2-6,0.014950273475380518
1|2-2|5,Challenge,0.9059813946670104
1|2-2|5,2-3,0.023504651333247372
1|2-2|5,2-4,0.023504651333247372
1|2-2|5,2-5,0.023504651333247372
1|2-2|5,2-6,0.023504651333247372
1|2-3|5,Challenge,0.25
1|2-3|5,2-4,0.25
1|2-3|5,2-5,0.25
1|2-3|5,2-6,0.25
1|2-4|5,Challenge,0.7568931238179364
1|2-4|5,2-5,0.12155343809103183
1|2-4|5,2-6,0.12155343809103183
1|2-5|5,Challenge,0.7672028461440263
1|2-5|5,2-6,0.23279715385597363
1|2-6|5,Challenge,1.0
1|1-4|3,Challenge,0.8155972436552185
1|1-4|3,1-5,0.1591672811853653
1|1-4|3,1-6,0.0036050678799165988
1|1-4|3,2-1,0.0036050678799165988
1|1-4|3,2-2,0.0036050678799165988
1|1-4|3,2-3,0.0036050678799165988
1|1-4|3,2-4,0.0036050678799165988
1|1-4|3,2-5,0.0036050678799165988
1|1-4|3,2-6,0.0036050678799165988
1|1-5|3,Challenge,0.9745151581084265
1|1-5|3,1-6,0.003640691698796202
1|1-5|3,2-1,0.003640691698796202
1|1-5|3,2-2,0.003640691698796202
1|1-5|3,2-3,0.003640691698796202
1|1-5|3,2-4,0.003640691698796202
1|1-5|3,2-5,0.003640691698796202
1|1-5|3,2-6,0.003640691698796202
1|1-6|3,Challenge,0.9427690925706051
1|1-6|3,2-1,0.009538484571565824
1|1-6|3,2-2,0.009538484571565824
1|1-6|3,2-3,0.009538484571565824
1|1-6|3,2-4,0.009538484571565824
1|1-6|3,2-5,0.009538484571565824
1|1-6|3,2-6,0.009538484571565824
1|2-1|3,Challenge,0.9341192538290028
1|2-1|3,2-2,0.01317614923419942
1|2-1|3,2-3,0.01317614923419942
1|2-1|3,2-4,0.01317614923419942
1|2-1|3,2-5,0.01317614923419942
1|2-1|3,2-6,0.01317614923419942
1|2-2|3,Challenge,0.9721430226340493
1|2-2|3,2-3,0.0069642443414877
1|2-2|3,2-4,0.0069642443414877
1|2-2|3,2-5,0.0069642443414877
1|2-2|3,2-6,0.0069642443414877
1|2-3|3,Challenge,0.9975027869779617
1|2-4|3,Challenge,0.9022233766646565
1|2-4|3,2-5,0.04888831166767179
1|2-4|3,2-6,0.04888831166767179
1|2-5|3,Challenge,0.9883134738191283
1|2-5|3,2-6,0.011686526180871668
1|2-6|3,Challenge,1.0
1|1-2|1,Challenge,0.7602466699712079
1|1-2|1,1-3,0.2340317788526955
1|1-3|1,Challenge,0.9853729603729604
1|1-3|1,1-4,0.0013986013986013986
1|1-3|1,1-5,0.003438228438228438
1|1-3|1,1-6,0.0013986013986013986
1|1-3|1,2-1,0.0013986013986013986
1|1-3|1,2-2,0.0013986013986013986
1|1-3|1,2-3,0.0013986013986013986
1|1-3|1,2-4,0.0013986013986013986
1|1-3|1,2-5,0.0013986013986013986
1|1-3|1,2-6,0.0013986013986013986
1|1-4|1,Challenge,0.9813519813519814
1|1-4|1,1-5,0.0023310023310023314
1|1-4|1,1-6,0.0023310023310023314
1|1-4|1,2-1,0.0023310023310023314
1|1-4|1,2-2,0.0023310023310023314
1|1-4|1,2-3,0.0023310023310023314
1|1-4|1,2-4,0.0023310023310023314
1|1-4|1,2-5,0.0023310023310023314
1|1-4|1,2-6,0.0023310023310023314
1|1-5|1,Challenge,0.951048951048951
1|1-5|1,1-6,0.006993006993006993
1|1-5|1,2-1,0.006993006993006993
1|1-5|1,2-2,0.006993006993006993
1|1-5|1,2-3,0.006993006993006993
1|1-5|1,2-4,0.006993006993006993
1|1-5|1,2-5,0.006993006993006993
1|1-5|1,2-6,0.006993006993006993
1|1-6|1,Challenge,0.994005994005994
1|2-1|1,Challenge,0.16666666666666669
1|2-1|1,2-2,0.16666666666666669
1|2-1|1,2-3,0.16666666666666669
1|2-1|1,2-4,0.16666666666666669
1|2-1|1,2-5,0.16666666666666669
1|2-1|1,2-6,0.16666666666666669
1|2-2|1,Challenge,0.8209790209790209
1|2-2|1,2-3,0.04475524475524477
1|2-2|1,2-4,0.04475524475524477
1|2-2|1,2-5,0.04475524475524477
1|2-2|1,2-6,0.04475524475524477
1|2-3|1,Challenge,0.9947552447552448
1|2-3|1,2-4,0.0017482517482517483
1|2-3|1,2-5,0.0017482517482517483
1|2-3|1,2-6,0.0017482517482517483
1|2-4|1,Challenge,0.33333333333333337
1|2-4|1,2-5,0.33333333333333337
1|2-4|1,2-6,0.33333333333333337
1|2-5|1,Challenge,0.993006993006993
1|2-5|1,2-6,0.006993006993006993
1|2-6|1,Challenge,1.0
5|None|0,1-1,0.014383046505481346
5|None|0,1-2,0.18124492627481523
5|None|0,1-3,0.00880232902409341
5|None|0,1-4,0.0032797015745315095
5|None|0,1-5,0.7863043977112122
5|None|0,2-5,0.0031284560527234514
5|1-2|2,Challenge,0.0097078769548305
5|1-2|2,1-3,0.011689022179764669
5|1-2|2,1-4,0.008630714354711464
5|1-2|2,1-5,0.9390084258524501
5|1-2|2,1-6,0.006207101113547088
5|1-2|2,2-1,0.0030097965179731257
5|1-2|2,2-2,0.0030097965179731257
5|1-2|2,2-3,0.0030097965179731257
5|1-2|2,2-4,0.0030097965179731257
5|1-2|2,2-5,0.0097078769548305
5|1-2|2,2-6,0.0030097965179731257
5|1-4|4,Challenge,0.5930189529811429
5|1-4|4,1-5,0.02922871666071413
5|1-4|4,1-6,0.028609906815753868
5|1-4|4,2-1,0.028609906815753868
5|1-4|4,2-2,0.028609906815753868
5|1-4|4,2-3,0.028609906815753868
5|1-4|4,2-4,0.028609906815753868
5|1-4|4,2-5,0.20609288946361976
5|1-4|4,2-6,0.028609906815753868
5|1-6|6,Challenge,0.15608161872572543
5|1-6|6,2-1,0.13983267183951129
5|1-6|6,2-2,0.13983267183951129
5|1-6|6,2-3,0.13983267183951129
5|1-6|6,2-4,0.13983267183951129
5|1-6|6,2-5,0.1447550220767181
5|1-6|6,2-6,0.13983267183951129
5|2-2|8,Challenge,0.2
5|2-2|8,2-3,0.2
5|2-2|8,2-4,0.2
5|2-2|8,2-5,0.2
5|2-2|8,2-6,0.2
5|2-4|10,Challenge,0.3333333333333333
5|2-4|10,2-5,0.3333333333333333
5|2-4|10,2-6,0.3333333333333333
5|2-6|12,Challenge,1.0
5|2-5|10,Challenge,0.5
5|2-5|10,2-6,0.5
5|2-6|10,Challenge,1.0
5|2-3|8,Challenge,0.25
5|2-3|8,2-4,0.25
5|2-3|8,2-5,0.25
5|2-3|8,2-6,0.25
5|2-4|8,Challenge,0.3333333333333333
5|2-4|8,2-5,0.3333333333333333
5|2-4|8,2-6,0.3333333333333333
5|2-5|8,Challenge,0.5
5|2-5|8,2-6,0.5
5|2-6|8,Challenge,1.0
5|2-1|6,Challenge,0.8355878245409826
5|2-1|6,2-2,0.03288243509180348
5|2-1|6,2-3,0.03288243509180348
5|2-1|6,2-4,0.03288243509180348
5|2-1|6,2-5,0.03288243509180348
5|2-1|6,2-6,0.03288243509180348
5|2-2|6,Challenge,0.7606058524409017
5|2-2|6,2-3,0.05984853688977459
5|2-2|6,2-4,0.05984853688977459
5|2-2|6,2-5,0.05984853688977459
5|2-2|6,2-6,0.05984853688977459
5|2-3|6,Challenge,0.6444902479879144
5|2-3|6,2-4,0.11850325067069518
5|2-3|6,2-5,0.11850325067069518
5|2-3|6,2-6,0.11850325067069518
5|2-4|6,Challenge,0.58322671425731
5|2-4|6,2-5,0.20838664287134506
5|2-4|6,2-6,0.20838664287134506
5|2-5|6,Challenge,0.5732502499774588
5|2-5|6,2-6,0.4267497500225413
5|2-6|6,Challenge,1.0
5|1-5|4,Challenge,0.052577519367472125
5|1-5|4,1-6,0.3764518951527399
5|1-5|4,2-1,0.23710629454316987
5|1-5|4,2-2,0.052577519367472125
5|1-5|4,2-3,0.052577519367472125
5|1-5|4,2-4,0.052577519367472125
5|1-5|4,2-5,0.12355421346672957
5|1-5|4,2-6,0.052577519367472125
5|1-6|4,Challenge,0.9996238348985714
5|2-1|4,Challenge,0.9995487923257779
5|2-2|4,Challenge,0.9994826509181736
5|2-3|4,Challenge,0.9955120673010062
5|2-3|4,2-4,0.0014959775663312615
5|2-3|4,2-5,0.0014959775663312615
5|2-3|4,2-6,0.0014959775663312615
5|2-4|4,Challenge,0.9994314099001049
5|2-5|4,Challenge,0.9903000392819484
5|2-5|4,2-6,0.009699960718051539
5|2-6|4,Challenge,1.0
5|1-3|2,Challenge,0.001027179347563433
5|1-3|2,1-5,0.9969481958541552
5|1-4|2,Challenge,0.04167037239970487
5|1-4|2,1-5,0.9565179080699646
5|1-5|2,Challenge,0.001146286814414448
5|1-5|2,1-6,0.015084967614170223
5|1-5|2,2-1,0.001146286814414448
5|1-5|2,2-2,0.001146286814414448
5|1-5|2,2-3,0.001146286814414448
5|1-5|2,2-4,0.001146286814414448
5|1-5|2,2-5,0.9780373114993431
5|1-5|2,2-6,0.001146286814414448
5|1-6|2,Challenge,0.9987681367648441
5|2-1|2,Challenge,0.9946192459439976
5|2-1|2,2-5,0.003465439903294428
5|2-2|2,Challenge,0.9934826803776786
5|2-2|2,2-5,0.0045072022635345675
5|2-3|2,Challenge,0.9996412221824831
5|2-4|2,Challenge,0.9942622996658665
5|2-4|2,2-5,0.004303275250600085
5|2-4|2,2-6,0.0014344250835333619
5|2-5|2,Challenge,0.9947429549727952
5|2-5|2,2-6,0.005257045027204897
5|2-6|2,Challenge,1.0
